"samAccountName","displayName","passwordLastSet","email","PasswordAgeDays"
"test_user","Test User","2025-01-15 10:00:00","","271"
"eolsson","Erik Olsson","2025-04-01 10:00:00","erik.olsson@techcorp.se","195"
"nnils","Nils Nilsson","2025-04-10 11:00:00","nils.nilsson@techcorp.se","186"
"mberg","Maria Berg","2025-05-10 11:00:00","maria.berg@techcorp.se","156"
"jjohan","Johan Johansson","2025-05-15 09:00:00","johan.johansson@techcorp.se","151"
"qquentin","Quentin Quentinsson","2025-05-20 09:00:00","quentin.quentinsson@techcorp.se","146"
"jsvensson","Johan Svensson","2025-05-25 09:00:00","johan.svensson@techcorp.se","141"
"ffred","Fredrik Fredriksson","2025-06-01 10:00:00","fredrik.fredriksson@techcorp.se","134"
"rrobert","Robert Robertsson","2025-06-15 11:00:00","robert.robertsson@techcorp.se","120"
"yynva","Ynva Ynvasson","2025-06-20 11:00:00","ynva.ynvasson@techcorp.se","115"
"mmaria","Maria Mariasson","2025-07-01 10:00:00","maria.mariasson@techcorp.se","104"
"ttomas","Tomas Tomasson","2025-07-25 08:00:00","tomas.tomasson@techcorp.se","80"
"bbjorn","Björn Björnsson","2025-08-15 09:00:00","bjorn.bjornsson@techcorp.se","59"
"ppeter","Peter Petersson","2025-08-20 10:00:00","peter.petersson@techcorp.se","54"
"vviktor","Viktor Viktorsson","2025-08-30 09:00:00","viktor.viktorsson@techcorp.se","44"
"aanders","Anna Andersson","2025-09-01 10:00:00","anna.andersson@techcorp.se","42"
"wwilma","Wilma Wilmasson","2025-09-05 13:00:00","wilma.wilmasson@techcorp.se","38"
"ssara","Sara Sarasson","2025-09-10 14:00:00","sara.sarasson@techcorp.se","33"
"eerik","Erik Eriksson","2025-09-15 08:00:00","erik.eriksson@techcorp.se","28"
"hhelena","Helena Helenasson","2025-09-20 11:00:00","helena.helenasson@techcorp.se","23"
"kkarl","Karl Karlsson","2025-09-25 14:00:00","karl.karlsson@techcorp.se","18"
"ccarl","Cecilia Carlsson","2025-10-01 11:00:00","cecilia.carlsson@techcorp.se","12"
"oolof","Olof Olofsson","2025-10-01 07:00:00","olof.olofsson@techcorp.se","12"
"zzara","Zara Zarasson","2025-10-02 08:00:00","zara.zarasson@techcorp.se","11"
"iingrid","Ingrid Ingridsson","2025-10-05 10:00:00","ingrid.ingridsson@techcorp.se","8"
"uulrika","Ulrika Ulrikasson","2025-10-08 10:00:00","ulrika.ulrikasson@techcorp.se","5"
"ggunnar","Gunnar Gunnarsson","2025-10-10 09:00:00","gunnar.gunnarsson@techcorp.se","3"
"xxavier","Xavier Xaviersson","2025-10-11 10:00:00","xavier.xaviersson@techcorp.se","2"
"llars","Lars Larsson","2025-10-12 08:00:00","lars.larsson@techcorp.se","1"
